"path","bytes","sha256","git_sha1"
"model/1/__model__","15095","4d7e2a72686faf22125ebd819c7a27bfe1d2321b0f3ae9f8ccb0290d6059dbe7","824f80b19b7e49aff4b690f97db016b8de8defdb"
"model/1/conv2d_0.b_0","120","e54180fe6219405d8e3a782b9f2512cc833d0c238cc40b8b2c8b46e40ceb5978","99c12e4b241b4a731b84963ce400cb222400652c"
"model/1/conv2d_0.w_0","7230","c18dad21510b3e82ce712ea53740143c25b0669e3668ce8b04172c79b4284dff","e6b1fd8b785957e513a37e1b380c90569bbca0e9"
"model/1/conv2d_1.b_0","168","c0974f742d182448793d67d4fa52f479fe3b90431eaa6d0a97563017ee3ffdb8","cc65f77111876f1e8b57a9c8a131b74b2d2a5c55"
"model/1/conv2d_1.w_0","86430","b34ffdb168f9f7c8e93086d00c5353738e3355d6c8e7ff77833aa711f35aca57","1897fa87d065abe25013cf334e2971f1d90ac6f4"
"model/1/conv2d_2.b_0","216","bffc8a54897ca73e2efafb44a2cb50eeb789d056b4f9406ef90d85200cfdebc0","15620e1f44d73736bbd17fcc32ed2444c734fb0b"
"model/1/conv2d_2.w_0","172830","19f1c5f3f780e134eeaee62e7e64efa4f31d478a1b0431c30325331bc636bf97","cf2b5090fa3264886a3e27b7480e8c55c3b8c89f"
"model/1/conv2d_3.b_0","280","1a27868b64d6f6bcf7d059d705830fa1801c6ba5d7cedd38b47f588562561985","d777b1e332c95a81528b7c1b773cb7c586fc90e4"
"model/1/conv2d_3.w_0","110622","7209ff1f1e407f6d1aaedd7ef354e091f25fc762efc58fd94fd26d3e46c028d2","cd381d9846f31c1703a4ed3adf582d05c7b39941"
"model/1/conv2d_4.b_0","280","988dbf8d83bcf21d7ca1fbefd7bbab870b31696f6f35a862815eaaf4e76d7157","3453b3271520294c1faed239fb8325b1d7cb391e"
"model/1/conv2d_4.w_0","147486","59cb85fe2b1b5dfa386ea6ad377509ea2bf2dde1324982b3b4694c293b5a6763","755596464fa3e699376db414201604e3fa8fa135"
"model/1/conv2d_5.b_0","280","b1afc14529d0d05e3f5a606cc76687b9275f703ba6219b0a8a33b99533946604","2d14fd149a4c921c3b1fd249a269f11c92eca2d1"
"model/1/conv2d_5.w_0","16414","b6ad057160aaa0d1591d7b64c59d17e74616a164ea2fef0ea6f6e1fc51158926","fe8ded7c7213fea75e634d07a4ec42cc5b86e05a"
"model/1/fc_0.b_0","424","8f4a13ca18c28e68534a677be937bac85fdbf4ede6857aa4b439de543c14be0f","8254398d9b6735aadf8a94500cbf0073f53aff76"
"model/1/fc_0.w_0","640027","a87ab3f80c74a0a77b7c0a2e153ac0afbb4b9aa331da12c6e6b508fc115f5761","24ec9210973dff295eb7afe48c7033add89a2fd9"
"model/1/fc_1.b_0","224","1fedb039035cc000eb448a96b0eea6b3a74867f2b72086a1e88e127badbc4b7f","2b0f90a6dd9f66c29539f2ac3b254c59664f8ce6"
"model/1/fc_1.w_0","20026","85b3d140a763b248ee8b83679b5cc5c6c9e72b00e884c536733c414510b6112e","3a6fbfbe2fc0999350f193a1778e728135015aaf"
"model/1/fc_2.b_0","64","fdb601d1f2a562650ff55f85693009c55bb478c5f034ea885aad0eac725cae97","1eea404a80912c9cbc764166c306749d772c582b"
"model/1/fc_2.w_0","2026","9110841a203b2b3e8a8ad320f8aae2e959c9dfb78c1956d95218437c3df7dc52","d0a8b0ef4a8d5cd734d4c9338c322077f60a9900"
"model/1/fc_3.b_0","28","ee86a5168cdb54946c114b933617c7ec12fc9dd91863947e19a9c708311d3016","28fea058db8d278a79010c8003915ef2856d0486"
"model/1/fc_3.w_0","66","98e812499d2f2d0b826625352dce4f6f7a2eaf2b939dd5fc94c3c8c8216243ff","da0def993391e367ff6dc5999af2c95f9250a17d"
"model/8_11_turn_right/__model__","15095","4d7e2a72686faf22125ebd819c7a27bfe1d2321b0f3ae9f8ccb0290d6059dbe7","824f80b19b7e49aff4b690f97db016b8de8defdb"
"model/8_11_turn_right/conv2d_0.b_0","120","8b7268f34bec007543f5ef590fa531e807039241bcfbc2d4459e06332ea5c9e7","a33cdf39c1ff77e019a740fabeb36c139a682109"
"model/8_11_turn_right/conv2d_0.w_0","7230","51b43582a1dc99829ba2a3c2bcf4eff56413d0368f526eac0aedc494186df190","7283ee3e8028d196dcac0e6d86952507dd851938"
"model/8_11_turn_right/conv2d_1.b_0","168","37239000eac70bbbc5f1df10183e3f675f464fff41eaf3fa3576869ab4e1e8b9","3ea9cd60c3906f929f9d03b42adb1a4ad6bba77d"
"model/8_11_turn_right/conv2d_1.w_0","86430","f7d9022da7a7b81e025617681bfc8b33e4a465147e3454802f1b22eb2b8cf820","80f08640413e71c6dbda78ca811f4318acf783fe"
"model/8_11_turn_right/conv2d_2.b_0","216","2f30c4bc24949f806c9ddd0be51e0e5fef76c86c1b50ee3400d90c74137aba6e","91fbe9fc232574e1eb6347756e91235b64e20d3f"
"model/8_11_turn_right/conv2d_2.w_0","172830","75d3769cbc71cc125e7a8a89e371ef41ff9101458b2ddc0a402b61cd614cabb9","801162faa96100abc317bf1f6e1b8e884cc8829f"
"model/8_11_turn_right/conv2d_3.b_0","280","16454f688d07f1c8464fbd483dd88584056cec2ea5e75f0e84c49ec65a24c6cf","eaee223f6d3d8786701b6df8d916be935f4cdc5e"
"model/8_11_turn_right/conv2d_3.w_0","110622","2c7b5a077464dc6713063477ba6450a58ae7438f29b4215b0d45108f511e8d2b","72603e6047216cb1320d7dfecbf8270508260acd"
"model/8_11_turn_right/conv2d_4.b_0","280","94d8728d49a4417478dcb880f10160bef197be336682d171b14f6d09e11f1276","352b62c8a756a71be8eb6d17d69f25a6e5bc8f2a"
"model/8_11_turn_right/conv2d_4.w_0","147486","877b001f656189afafb929c1f0d4fe7c28e66f8e6df2ac91eea172d1a21f92f3","bb2cc48573560454c9cff63bb7582fa9e6961eb4"
"model/8_11_turn_right/conv2d_5.b_0","280","5154bcfa60b0df367e05ab0ff7b9f2526bd7c641eed50c361946d149cb21cb9d","53989fe1ff696b291165bf9a3da067ba3f9705e8"
"model/8_11_turn_right/conv2d_5.w_0","16414","bb6c3a125ea178e97f88becca7a1556c81ca32c1fcd27957a7a62fdbe8b1358c","69f132938cd494b0f4e6c5eaad1ec877f21a1873"
"model/8_11_turn_right/fc_0.b_0","424","469ac04c891a163fc3035f08bde773577a3f408ad582772b7a7fdf7e929e5bc0","42e2e9efd1dc6e1f90f1089cf4772812960098fd"
"model/8_11_turn_right/fc_0.w_0","640027","27c4df366a8e4db12701046b1f86f4f345f2571e36c6d7112829d5faa5d5ec7a","154af91176a1ef0568aff5e28e7c06d1237f89e5"
"model/8_11_turn_right/fc_1.b_0","224","479268a1f3d8a7217a0f871c55bc666cf8669f522683cdab7f639ecda028c1d0","823d3583d79072f0e10c5932962ad143e254da5c"
"model/8_11_turn_right/fc_1.w_0","20026","cd0f5795bb5856ef84b3e90816a5871ee4bc9ddd91c0027a21afb417900d43d9","cca5d1d12a262de773dcc53e888063e14d484fbe"
"model/8_11_turn_right/fc_2.b_0","64","7c80a73b00298b8d8e760c196030300ba21d81697488b9e00fd0620dd4185b51","21f4ed9712ddebceb4ecbae61613d3a0392f6018"
"model/8_11_turn_right/fc_2.w_0","2026","4542407dc3376e91e587af60867f2b92ef47d7d97937cd36bf3e40a52435e188","68d78afe9fef91dd504e9cd0ee36474996bd98eb"
"model/8_11_turn_right/fc_3.b_0","28","c105b4f7d4ea9d15a0b1ca3c8759f521b672918b35b7621e35d209ef0f4974de","11157d0193ee20eb2950bb98c86285d2948a04ed"
"model/8_11_turn_right/fc_3.w_0","66","ea13a72b65e9bb5b75c6bb4d49835cfd0098926e1c8f6ab3c08c3a2ce4af4284","1a6e1259586bb477325439bea9bde57278de375e"
"model/8.11_cross/__model__","15095","4d7e2a72686faf22125ebd819c7a27bfe1d2321b0f3ae9f8ccb0290d6059dbe7","824f80b19b7e49aff4b690f97db016b8de8defdb"
"model/8.11_cross/conv2d_0.b_0","120","7bb31ceb6d7ecb0b3492a00cd29d04099d26957b3409c19eabc36d512c9d972b","d46121cb42a1688dcddeae0369e566275eed405d"
"model/8.11_cross/conv2d_0.w_0","7230","423732a114f52a66c9fb341be8381d7a135424885db8902381b59fac8b7de96f","e740930b22dea518ce44f1cbe160a9ccfa9200b7"
"model/8.11_cross/conv2d_1.b_0","168","7135c08d793ea04056b10ce4747c3acf522f7d1447a4362fa6d574f1c87d92cb","a33e5ac9a7a9c7803beee4fc57b62d607c85c625"
"model/8.11_cross/conv2d_1.w_0","86430","7fddd3d75cf1a186c00083dc6d04825e9d0560fce1a88ed08e4206cedeb0e1bb","cac157d0af0b9e5cb14d2b5649b4b725a4ae6edb"
"model/8.11_cross/conv2d_2.b_0","216","da391d7b6855055ac52e69a4ce0d78562a92a38965c358ba5315ca42252393ac","82f13f1105169a6aefcf30f527182972c3bbd896"
"model/8.11_cross/conv2d_2.w_0","172830","0a27b98a489f9e2007885c50178ca265a562105a0c496422e6985a437b83b133","2e7181b915aad01407cb0661ad3632c6ec9a5fd0"
"model/8.11_cross/conv2d_3.b_0","280","a2e1f00746a16a2b7324a4df997320bf70f049c365ffdc816c094a15c423ca3f","48205653d8aa6378bcda435437bfda2a8fda583d"
"model/8.11_cross/conv2d_3.w_0","110622","2bbd27551654a48d20d8b47f1d643c655919f1d145cd2df3f33534ac14794338","acf2624c84b70952f2d8f4a20417fb89eecff70c"
"model/8.11_cross/conv2d_4.b_0","280","13d98e9554ac8524418946bacdf51a761fc28d1d92da0d395bf2dc01564f3c46","dde4b894c3395bd4cfbef20d8f21246b8a9c559d"
"model/8.11_cross/conv2d_4.w_0","147486","b7a3091f8ac78c2dc0bca6f56777071ff0d4dbbe62a69c08575135a000de8b4c","960e42671b44bff9954cf0a710034f07026e67b3"
"model/8.11_cross/conv2d_5.b_0","280","0f3c264cfe4d4430486f53931d3730f68f40b4b4eb636ced20c9ff6aa0941a5d","147da8aca78e8d3f1be7ba8752c391d5ccfe4aef"
"model/8.11_cross/conv2d_5.w_0","16414","c5fd47f0e3cb417feddbce648381b8316f88de83580bc9a7177165c738d093df","176636adf1bbedac5d0e4904d64422f630cd9cb6"
"model/8.11_cross/fc_0.b_0","424","dd573d62d252c2c5ab82c65a36565103442fad98937d2377dbbb9150d582eb5e","b3471febf663c0ec9ca0ab1dbf50db507c286f39"
"model/8.11_cross/fc_0.w_0","640027","51e219f2d9bbe0b6f309014796bd0ee9a6c447a57c224005726bf97a0b970565","afdc97c91f0f523811fd361318f3c0018330bf9e"
"model/8.11_cross/fc_1.b_0","224","bb5513c3bf6a91c2996aeb54f41c328f47e7ef6a85958f6b8232847d0d5a0cba","85dc39e2a5c0a3837e7a7a5acc27828c90c4117a"
"model/8.11_cross/fc_1.w_0","20026","fc7ec0d70d87c0e2afe9858dd251987ad40f2b96b45c25872d1ae2a1f0fbb7d6","2f7c892f803fbfa00beea7a33c3f70463126385e"
"model/8.11_cross/fc_2.b_0","64","84677a95ffe2bad90bd741fc1b36b3a1665280cc4b4377045f05561a158bfd87","e2452445cde9ef40460d1da7cdbd063803842333"
"model/8.11_cross/fc_2.w_0","2026","075a5d80e734e6c14b88b18e47d333d357a7eb315a31997d15bee1ac0ac07cf6","4e282572ff1829d44b775b0a41937b1f9d130190"
"model/8.11_cross/fc_3.b_0","28","3e2eddf78bae248c524a3b09c8879ce212dcb49c185089b3f8633d4960ccbb0e","b784a858b453f914b3afb81d3f22b834ae91c13e"
"model/8.11_cross/fc_3.w_0","66","0eb74376a78f144533680ef6dd3981b5c523c08a20ad3661750ea5e23ace70ef","bf82fe4b390a5aed296f268ccd74a09b22613077"
"model/8.11_turn_left_2/__model__","15095","4d7e2a72686faf22125ebd819c7a27bfe1d2321b0f3ae9f8ccb0290d6059dbe7","824f80b19b7e49aff4b690f97db016b8de8defdb"
"model/8.11_turn_left_2/conv2d_0.b_0","120","68c628ee33290994103924c8b518e91338b95570665721a2f3dc5a35c8f9249d","73b219fbd987c153f90bb19414906fefc286cfdd"
"model/8.11_turn_left_2/conv2d_0.w_0","7230","8b1a2a88476dd4d6d5a393f1b680e06ce50a59e6f0f083da309d0076f3152712","404c970af653639d4bbd82adaeba55e3444107a8"
"model/8.11_turn_left_2/conv2d_1.b_0","168","854e4b340e2cd60ae0a169bcc10dfdc16a7ccf4c95ac7d2226274f43812f70dd","cc325ca424675a1b34d683bc884e4219b7ddc68c"
"model/8.11_turn_left_2/conv2d_1.w_0","86430","43d886f513a3a465016bf06f81ce00b6bd5117e916d84fe71b8ee9d9d9274530","973464a1382de2f52f307c4690706b18c7f25e0d"
"model/8.11_turn_left_2/conv2d_2.b_0","216","e8c789107701101ae18a149c30b140399795cef709a42f2501e2b6718617b46e","952e1fe26f09553579cf36a129cadd5d1606453f"
"model/8.11_turn_left_2/conv2d_2.w_0","172830","811e1b324e1e0dca8bee68b515e7a3ce11fe381fab49f9f04f86ef3824979d20","f66a4b4b9a488c78319ce9e7a0755610c3658f12"
"model/8.11_turn_left_2/conv2d_3.b_0","280","620bbcdb5ff92524f4f43d650c0a297067ab19c66888318b9ba18f609a96e176","38e7d055993ae18c06518d73bbf643d772c98844"
"model/8.11_turn_left_2/conv2d_3.w_0","110622","ff1e30758eb35bce03b9db480ef6d108707bbea072040204d4b2dd144c9c061a","515a9acc736dfc12c2efb6e41ac25aea9c57b83e"
"model/8.11_turn_left_2/conv2d_4.b_0","280","a5f1c84daa2eb3665cdc7a519b04b3f2d6cfed2bd4c43fc1642002b7e68a65e7","b8c66bb0ffc8d8132285faedb7f82cb34c21366d"
"model/8.11_turn_left_2/conv2d_4.w_0","147486","1b496daeeeaf587d268df7c92b6b5d2824268610e3e50cdfb524f0c61ac2232f","041945c95aa0717ac44edb2d2628bc262f326352"
"model/8.11_turn_left_2/conv2d_5.b_0","280","a629c5e56a1626c66a95688981b33f2a45f2bdc640d4043ba04daa084c730cd4","1f15661ee04dcc5188465f36b20b2107f081dc11"
"model/8.11_turn_left_2/conv2d_5.w_0","16414","45c3963ba67adbe1dce45088d2ccb7faadc3a73d55ffa6d5f5a81359f60404d5","915be494ae6bd2249df5d47f84f245c1129017d4"
"model/8.11_turn_left_2/fc_0.b_0","424","5ef88a299b761007693cd7c8056a8447685fb6668ed26083dc9accaa655a5db6","f01b77981320069c23a7450045a9382104dbf1ee"
"model/8.11_turn_left_2/fc_0.w_0","640027","89beb0354f1f498543142b94b5c4262a6be13684fd0c76d387d8333db98d8429","bf6639d14926b885088742efa059d19a10955259"
"model/8.11_turn_left_2/fc_1.b_0","224","4e97f31013c2118588542948dd97377ba0220c10c43fd0e926da4f4d6ebed246","1dcaee494582ebd7610544ce54946623705c348c"
"model/8.11_turn_left_2/fc_1.w_0","20026","bf1d768497dbdf62641fb8ca31b16faace719baf06215f7229666fe5592058bf","55428fada915a0ede8264979240f972207fe5b9b"
"model/8.11_turn_left_2/fc_2.b_0","64","6e289f2e7021b8e85c5ee42e5d42fcc6ca4580aef3c4f95e0c9d87473b993e18","cf41026f3c65dc863e7347977e19f6cc00640c4a"
"model/8.11_turn_left_2/fc_2.w_0","2026","e3520e37f1de6b2466bbc2150f3a696ef5853f8b1d0c2c63ce704d4f0d409a96","c285693965c202c013d5fd0235488f1115646deb"
"model/8.11_turn_left_2/fc_3.b_0","28","a21f15ebb1f2f2a7c33cc7c8a5dfc82e1e27e5da499f658fa9140771e6e60355","7373a7c73e708aa9ed5843686b71314a312c3f74"
"model/8.11_turn_left_2/fc_3.w_0","66","5a09727f4636078095f4e2ac9a917682652a45c62cef7cf9ee7c438036c52559","9baa1534ed34f1bd212710698fb4e7c420f930d2"
"model/8.11_turn_left/__model__","15095","4d7e2a72686faf22125ebd819c7a27bfe1d2321b0f3ae9f8ccb0290d6059dbe7","824f80b19b7e49aff4b690f97db016b8de8defdb"
"model/8.11_turn_left/conv2d_0.b_0","120","de00b536d00ea55ba639ce644c96607f7ead942d7a15516cac49b99fb085d726","231ae9792fe9e006d20478686b798b9a739a34f6"
"model/8.11_turn_left/conv2d_0.w_0","7230","81a8291714594d7348eaa2950d4f52bee14f973c7932d452e71576c8fad52bda","4e7b53764e90b2a4f99b9ab35f6b32be64eadeed"
"model/8.11_turn_left/conv2d_1.b_0","168","16bf614e5e6e6b2f652901eedfde3d4430a710cf529ea06b9aafca8336c14eef","48e7753f633c598fea2de03deb3dc24a85b807a1"
"model/8.11_turn_left/conv2d_1.w_0","86430","1a27fdf6e9763a35c1bead4c5aab9ed71a8b88d648003598ce7cc9ea8e1aba0c","685bb36e650b983db979ffca6ae8686833d2d2f1"
"model/8.11_turn_left/conv2d_2.b_0","216","de7b946bc4bc8323aee9efb4af282e6196ed84b6f9983f5e1ff5543dad9d5a43","46ff741847375b51a552502c039db631432fa946"
"model/8.11_turn_left/conv2d_2.w_0","172830","f39ad68568d54a76e15d771642bb86c01c2af6fc12d7b408261a937f1bd8d15b","7158a1fb43694381c69dd0c42cf1d6511ff1db06"
"model/8.11_turn_left/conv2d_3.b_0","280","5cdfa130acdd76852a8900b7706c6cb3fc23af1b13f066c49b5fa5683e093100","57da7a2c8c9d31cae2733bd81088c271bcbe4cf6"
"model/8.11_turn_left/conv2d_3.w_0","110622","8e6038e55eaf2e2f620e43828e7a26bd8f785cac36a01eb03c8f4891dfcb9a53","4dea7115400ec9268aaa1f3c59f1eed1efa9b995"
"model/8.11_turn_left/conv2d_4.b_0","280","ba0f03b78b5f15cdd846a25e52c34299ae7b441c3ad5d0fa9aff5c3a64592f65","9b97229d1a7dd7bb6bfed48b8994b0feb5f79501"
"model/8.11_turn_left/conv2d_4.w_0","147486","c3a0162e531aacf9da181654084697f184ab45463c58fdbbad62d7966d46ee71","25762f90c6187932f582078aa99268fd3aa983c1"
"model/8.11_turn_left/conv2d_5.b_0","280","abca7b7c4a807ff26eeb61038c721b03f0627ad53bb982fa69290c332cb29517","87a5cd5d9163648e542125ccd43ea8902be3fffb"
"model/8.11_turn_left/conv2d_5.w_0","16414","691e6608b0ba1557d67dc6c667a23679c4bef4556ce66fc50fa95d589f84ab9d","f62418927bb71cef27206bc76f7b0c5149c3914f"
"model/8.11_turn_left/fc_0.b_0","424","8adc7345c0d8dd957db843be350fff532926f74427779a547a2f9a619b0d5950","ccb8d4ab630df6ccac11869e0e5319b942232e11"
"model/8.11_turn_left/fc_0.w_0","640027","32081f551582fd4dcaaa0a7124ae834f56cf6c6fc158306cf47297ddf71a8a06","75b499c2500678283a44b4b4007390bdc9a97865"
"model/8.11_turn_left/fc_1.b_0","224","8dd1ea09ad0eb5730d94195b128fa30e81da347568ad5a773ee9e7d6ae115dd2","22606c472960becf339f948335bb30328fb2b56e"
"model/8.11_turn_left/fc_1.w_0","20026","5b2592e83de55bf3c62b6b38ce6f7c39fd7a13662000389c263dfd22287806f1","ec627e4611e9fbe7981efc595bc8a38c5a3eead1"
"model/8.11_turn_left/fc_2.b_0","64","16203d83a1c69913f518a40c89879a6471580e4e1ccdc0bbf3d4390f5a8272f9","aa1129793e01e0e998782a41558886a136be0156"
"model/8.11_turn_left/fc_2.w_0","2026","584f3f32829faafa2588e023632c04d6b9f2bb7db9f156d65b5991e11205a545","584d120981654a36a40c63ab80460aaf7d197e8a"
"model/8.11_turn_left/fc_3.b_0","28","564f0a7de782671f7e18e3708f4587ba7f19a023e98f53de008045db51760440","751181a35554b7763a921a1064cd2024dd559baf"
"model/8.11_turn_left/fc_3.w_0","66","a6161cc26ff2f09b0ce26c1e3ae7fa765b4f1db14d0175265a1c6fb2c2528580","00763c7be5e31b229803f650ca02c71e4fa62e8e"
"model/8.12_change/__model__","15095","4d7e2a72686faf22125ebd819c7a27bfe1d2321b0f3ae9f8ccb0290d6059dbe7","824f80b19b7e49aff4b690f97db016b8de8defdb"
"model/8.12_change/conv2d_0.b_0","120","f79e6d558fd47b54d32798e8700720e09f1de3534d3f042c82f9659b6898a3a2","7158ff1d105f9f58a9037d72c858acdf21d232a3"
"model/8.12_change/conv2d_0.w_0","7230","c1c4190b22e21c5cd4197c799c37a685ff2f76cfa3d48d3d5e89920772f694e4","fb464ad256891564ade526f1cb8cfb708e5a9766"
"model/8.12_change/conv2d_1.b_0","168","de22e2e927883b701f90652301b52e16e69e4d6c33cee8aac10e96224b834777","f0268e09f7f8c66a9da809d99943b858eab7709b"
"model/8.12_change/conv2d_1.w_0","86430","0a72f77b6c32f688190221c841389e6e4a26475a63ffc6792336f1612f71ce69","0cb8fb06d4e1d4abc884e2bd888c74a48465b945"
"model/8.12_change/conv2d_2.b_0","216","fc1a0a4318d365cdfd3e79407dd203448c2b53dac77cdfedf3e55c678d34f92c","e14bb5dfdfe8047da85b8ffe5f75f560203cd1fd"
"model/8.12_change/conv2d_2.w_0","172830","c6cc5f14371969e5215be85a49eadb7f2143eac1e41902b154564301d37255d2","11d7128702c459c758d0f600886e97a64fd1d3fb"
"model/8.12_change/conv2d_3.b_0","280","d3839b8d93d993b663ac44cd4d47bf41705f211c3609b50cbeed033cd7cef035","2e14d962e8d430b2b75845977c87dac05fd9323c"
"model/8.12_change/conv2d_3.w_0","110622","fcc49ec89272a15a3bce6eea7e386adf9c7aa8cee035044060e74cc854f6489b","2203a2b0ea0f870b175830f982906bd880351961"
"model/8.12_change/conv2d_4.b_0","280","98694b3c739cf9aace3e2a350e45a259d4bd7496ad19bf28a9b9b9ede252290c","808dfa4ca92ea67cb6518083258c8229e5974381"
"model/8.12_change/conv2d_4.w_0","147486","2ec5e0eb504b577d5d6decd6f8f74438482d8f3ecd1a7f1e46ec003aa0029440","848c5070473cab4df836681137f2f1a18e98ed70"
"model/8.12_change/conv2d_5.b_0","280","62390363b603d5f7fa94f103b86fe003d13c48dab2bda53670f085914ef3cd76","290476e6f4d18f4e52b03193053a6240ddea825b"
"model/8.12_change/conv2d_5.w_0","16414","e05452c245ea9165319241e8870be580cf8f5fd5a49f2ffb4a09548878604766","2b27da8d80d6482228ca7ea2de7776030cd95751"
"model/8.12_change/fc_0.b_0","424","e5cbd9420c0625bcfad4a7581c5abf936153582f6aec5eec776c66c75c81ac2e","8a554e1df79349460e824f16b2bde6d83480eb98"
"model/8.12_change/fc_0.w_0","640027","f42fa1f9f27b5f2eafee6600fdec1de2e570a9e84d34acdc64f4439410b56ec8","8a5c4a5b17f98be6b1c696ea968f6f4d563be159"
"model/8.12_change/fc_1.b_0","224","389cce295ec0706bd2be70ca569e412304f1f02220dc204d648d5cd75a1a29f9","d970aa6dadfba12e39ef2d6ebfd0857eaeab9d82"
"model/8.12_change/fc_1.w_0","20026","d790de8dd1b21223d96899936c2b70cf6b77561728a0bc886782e5208d0e3d16","0ed3fe1026b9bba4abf9156f9297a5fba015aca2"
"model/8.12_change/fc_2.b_0","64","e1ef6e4b9ddf193c997bb457aeb7b2fd8e5688e405b2c22c663df83cf2d9ec33","5e6f2560ac301d813ed28de7fbebf07758506171"
"model/8.12_change/fc_2.w_0","2026","a775e0e27aa7deaa206cb1ed5ecae26cbde1d08d1fcd3eac58cd080b4ba6ea1f","fb832e82187842c3c0f8dd2277f81bfbc747f333"
"model/8.12_change/fc_3.b_0","28","0c5f467e5fe51f592dd9771eb7c26e280480de7d9dd4ee8932dbead227c8752d","3378ccd22ca2f83b01c4ffebceaee6b7b54b6d9b"
"model/8.12_change/fc_3.w_0","66","b7838d9e6113e5b37957075567f830ed2d8667fe0bf62eb411f6fdda577e2bc1","65d8b4483ab6f1732ceb90b65e6ff5f3a8a6663f"
"model/8.12_cross_1/__model__","15095","4d7e2a72686faf22125ebd819c7a27bfe1d2321b0f3ae9f8ccb0290d6059dbe7","824f80b19b7e49aff4b690f97db016b8de8defdb"
"model/8.12_cross_1/conv2d_0.b_0","120","734d32dbb4a80f045a55a3944e28a44dbb57110d65eed9a4c105339e4057495d","205247144e91a08876775cb6120966200954b72b"
"model/8.12_cross_1/conv2d_0.w_0","7230","8c4995cb06f2dbe5c9e97c43ce6722c44305b20dae8c3ba0d6a0777b006a509f","8648cc85f863d933e43dc493d21a1804f792ddc3"
"model/8.12_cross_1/conv2d_1.b_0","168","76484be7ca0bf9e8b0b4adc0d0a6453c2013d75505645f4ddfd30510f47de3ae","a6f357e33901d1439db1eafc2fe9af18c28c4733"
"model/8.12_cross_1/conv2d_1.w_0","86430","f4fbb342806254a74e53ca6aa303db197743e4ef0911279dffcbb8e110e82224","e17ee3cb28b4772cc37dddc5f29ff8623492a1c5"
"model/8.12_cross_1/conv2d_2.b_0","216","8d573a97cb8d8341d6f1abf436a9877fe169ffe81fe880506bceb37a8e0a5efb","4d8ad38f666c8db7e7a4bcfe0c326e140cad8e08"
"model/8.12_cross_1/conv2d_2.w_0","172830","32ed40e978a349eafaaf40f3d8066a484023f03a42830a091bae97a46907ef43","e06cd6a01ac15425df4381c27d759614a7bc4bd5"
"model/8.12_cross_1/conv2d_3.b_0","280","560f62621bbae1c662b986430c893ceb638ba3f538987f50bee09d4f17d47cb9","69edae8def467d17d3eb971483769ef5423dca13"
"model/8.12_cross_1/conv2d_3.w_0","110622","03142b99c3919acace6e6f1ce01ff2138085f2d7e21d1dd1f2bb4f56913d8b48","053fc5f265520315133ac814d000d29c5fcaf59a"
"model/8.12_cross_1/conv2d_4.b_0","280","eb508e25a2424ccab379741b678950bfeb4ef3d6b4371c0a9627b02515e1839b","ee557c2c2c49f9be4375ff93b2b2df51e07e5ba0"
"model/8.12_cross_1/conv2d_4.w_0","147486","83dc90377ed3d2d6e8f8e1781b7ff6e4e74d54f1681cdace140eddffab4653da","bb199af034e989985fd42242d8cd0508c11cb24f"
"model/8.12_cross_1/conv2d_5.b_0","280","9e0e62ee331b111892fb5f595b0b7ec9762c159e351d052594bf4a84e2638cf6","b4f46bbec139a7f93d249daa76b16afb15933beb"
"model/8.12_cross_1/conv2d_5.w_0","16414","75cbb1a966734d1b8b7107fb889fd1ad7316576610eab6e1cff194f1d988bccf","8f2c86bf0cded7c0b40e93c80fb7584b74dff3a4"
"model/8.12_cross_1/fc_0.b_0","424","223694755ce32ee33a5e4ea7d1d2c46061e021156cdd67ce6e03004e03c5aed2","4d145d1ef082b4f82ca1a3b1f46ea6f2a085a4bd"
"model/8.12_cross_1/fc_0.w_0","640027","87b7ab0eeef622e262f96362de9142ef19ef5a0925e86fa8b5c34b420813cd00","6eec11615f03680e0d4411d9b0ce5dcf98b7757a"
"model/8.12_cross_1/fc_1.b_0","224","5c362dd52c52c3128e7dd09264f02f8cb470504a199d31ce2326200b9f480f6c","1ec4ebe113ca3870d75d640c0c659ee28d6f7191"
"model/8.12_cross_1/fc_1.w_0","20026","18efb059e3bd7dce1c7b194167f94d096366f4f624265ca667a08126e5912888","320e229eb615d0e8c8d2f77a3c64a087e291524a"
"model/8.12_cross_1/fc_2.b_0","64","90d43a6906ef39c0ce97edffe54823b189a0ca1a811e0514d5322e55c24ebced","4228d3fa05db2f862f3baf136428b3eea1c99e00"
"model/8.12_cross_1/fc_2.w_0","2026","db04c412452477e57c696b10f47c8989dbc2e9b9d5314259e461ed2726bdf329","1cedc9887100cd865b714b481f1ad2784954acad"
"model/8.12_cross_1/fc_3.b_0","28","348ca00600ae32751a18e87078e3863249aef5a1708ba01fbb93981addaa0737","c58c573acf45bba1bddce20923069ed8c059c2ae"
"model/8.12_cross_1/fc_3.w_0","66","b446f854a615ccdb322076135ffa79258fbce210ff1f32a4f4081a9571ed013c","6ac02d09acd30bd1ee1f02c2e13e8a27ed6aeba2"
"model/model_infer - 副本/__model__","15267","5b1e31f01d7dfdad2d36f5f3084b1232aa692edddb1f7f99b0645754fc92c99a","627d034a4691d97c5925eaa5a72cd7880f809268"
"model/model_infer - 副本/conv2d_0.b_0","120","e8a83d39a3a1ceeb718b05278a711547c738710378802de5053d36ab7565bdd7","a17fce6f3856143394fb3d680c0b6e53dedda6fb"
"model/model_infer - 副本/conv2d_0.w_0","7230","d6e6a37a2747cac927b8db310875756e07a95b5a23da873dc11b8da465a109bf","e5fe4eb0fc526d2ed1ff11b3362abbe4760f11b5"
"model/model_infer - 副本/conv2d_1.b_0","168","e7fa46c5dd3257bf79e02e413b471ac793fee3fb7b30b53475e49346c718287a","6ff65a15c7bec6e932ef158b643a03f898d4867e"
"model/model_infer - 副本/conv2d_1.w_0","86430","bf3db25b1a5abf5ecf05e64ef5209195ca9bbf8ed43def61f18fd51994938397","ce51a5ff2558e775a45fb36cf5880d023cc1d015"
"model/model_infer - 副本/conv2d_2.b_0","216","13b4aae015859eea135a60238ce6b633fef54d02fdfd00f8ea914ac3e4119d46","47d0ec72dc4ec3c5ebe144dc170738b7be9c997e"
"model/model_infer - 副本/conv2d_2.w_0","172830","734080bd564381eebc336f30c9d20fba5449a97e5bd3a42d67f72faaaf48e867","d3480c4241b217174ae0761e365a829fb2823e24"
"model/model_infer - 副本/conv2d_3.b_0","280","d1aa2f289903b2f7236440c0b621886512d979c2cc11049dab0f71d9b084f531","5ca92581cc21775c3e283729f20edf4aa828dea0"
"model/model_infer - 副本/conv2d_3.w_0","110622","227df254bf1fe5a5f87b4e5a4154a40b93254c706e459f1a4f66438922f21255","7f2be95ab9fe1d686da0390da833b20d653f1a5f"
"model/model_infer - 副本/conv2d_4.b_0","280","c5914e947c0d3b5ee6302bf7458da9764eb86543a5282379498d134cac76a234","baa25333e3f20eff073939bbc6e4cf284dd6cf1f"
"model/model_infer - 副本/conv2d_4.w_0","147486","e12132c15ad38462a9dcf91bbb9fb21304db29b9d58494cf4e8b20b13c26c67d","c49d40b0198477057ae03b7d4986e8aa4467d368"
"model/model_infer - 副本/conv2d_5.b_0","280","5bb677634fc80b710a4cb8eb588d19c41a748109761d54e2139491ab8e627f41","c2228286cbbb970b3fc977883622b5131201afb6"
"model/model_infer - 副本/conv2d_5.w_0","16414","7f923ad30522d20fc687c8d027bbb43ae2d62e5dada1e82353d297cfb37fc5f4","ef1a51e1fbf22c95877c5909ef5e199b0d71bc06"
"model/model_infer - 副本/fc_0.b_0","424","dfd19ff698db3876c0fa058e24b8e9f99641138af9feaef262bf224dc1d8e637","6677363d7e8f76135323fcb680c3855b5beaf91a"
"model/model_infer - 副本/fc_0.w_0","640027","ab255de8ade9c5804ecd5c433602b6c8c2e8ccc7a2c6dab8216cd4797e1958b0","8ba733a66eaaecb6d3f159aa0890f48ffe9920e7"
"model/model_infer - 副本/fc_1.b_0","224","b91a8c61ef2d08d6dfbb72b8a94545269346da6d072d61ce80557ef26a6138bf","89ce39da84f3644410047560a7ef609c1a0b1412"
"model/model_infer - 副本/fc_1.w_0","20026","21434c1a099b186dc7002c4ebb143d5150246698233a06f9edd23424a5c99c89","601629fd3e9da966c056e73ba76cc4e3233707ba"
"model/model_infer - 副本/fc_2.b_0","64","088d6b2045da31d5c1dba2ebc43caf7ba04b267b38eac4b8b942835156cb4246","72c88023cb2a8bd8a542ffcdebe1b2de70a217fd"
"model/model_infer - 副本/fc_2.w_0","2026","d70bfd13c3e674e10c4d6852b9ebefe05295018981382e4c1fe10ed3ebe1278a","65fcde953d49813624a49c3666e4896fce7e51d7"
"model/model_infer - 副本/fc_3.b_0","28","94bf7a022e2092a663962c5ba9e446cbd8613c31703895ae2d22807e9dcc96d1","db487a288132f3da590077b8a3b62d6b6ce9941b"
"model/model_infer - 副本/fc_3.w_0","66","ee3b654ebbf02913cb2a5c4e02a943b55fb0ecc027ec4a94eb586954253ba599","85fc63bd4e811d9199e7fefbfe4331c206fc4d3c"
"model/model_infer/__model__","15095","4d7e2a72686faf22125ebd819c7a27bfe1d2321b0f3ae9f8ccb0290d6059dbe7","824f80b19b7e49aff4b690f97db016b8de8defdb"
"model/model_infer/conv2d_0.b_0","120","541511ab294338fd24c8fc8647bd7b96f236f920f49c3e8330ee835007f3f953","76d8e836bc8cc628117dd816aa294f2e3f36dd21"
"model/model_infer/conv2d_0.w_0","7230","8947909a14d4cabd9e2cbe43156cbc6ff2323d1a833d6a2b76bbbc6d8879cdca","4035e1c1d99a4c41018a93a2e5cb0407755f81eb"
"model/model_infer/conv2d_1.b_0","168","6a4932df3d291aca315693255d8900924bcd1bf68206ed793f808336259480d4","27e99f604299c4569cde4775d4afb09268a6c9d5"
"model/model_infer/conv2d_1.w_0","86430","491fe00a0f58a09c917b68f1231b568e32d729a5a37b56a7561a5fabdd8c86e5","e6e53b29d4dae1b6300b7a693b90beb3e27befe9"
"model/model_infer/conv2d_2.b_0","216","f01410cb0c33be4c7442c00300d6cc74ba571686d2258761df17d810d109b786","c3e8630553e939f08c17803571f838b04a2d596e"
"model/model_infer/conv2d_2.w_0","172830","b2d008ea821e8f286b31c1f5e60625be4554f26d7697ba8e696eece46cce7f46","e448396c3f55c727bf4c0208f75bada02c945629"
"model/model_infer/conv2d_3.b_0","280","7cc7a60da1f3099350a436efaa56d62551ce8153316276c90fe501c15a2d6463","5c442b2079c92004698ecac8c36fa34e15e53d5d"
"model/model_infer/conv2d_3.w_0","110622","74feac10f04bfe0455ea1f6a0ba24d747313c90bb2ddd62e208bd8932e140a18","6c588394addeb7e221304e3b582f65643481bb3a"
"model/model_infer/conv2d_4.b_0","280","48faf454545fa38aee1cbd2b2f1e856e896260c73e755f12f6e518f25ff95ad0","2b64bb84f565959476098dfbf5f969177b741d08"
"model/model_infer/conv2d_4.w_0","147486","0ac3a570243a2a09a4bff3f26ea2cd137df9a19fa9263bb4ba9f75558b277e10","08c788d3f4395bbcf66d8d08935c871be1c139f4"
"model/model_infer/conv2d_5.b_0","280","556ba773033e3d5d99f07f32a424a175c6cceeff3945ca27085e61fbb85b9475","4f8fa6a3a4e7a57206c2bb2783539719acd58c31"
"model/model_infer/conv2d_5.w_0","16414","f621f26b323ecf583c437bd82bb42eef882fcf4cf24a85b1600761a106cb3646","b1dcaccef2028921cda4f2ee5da0a5193e30d155"
"model/model_infer/fc_0.b_0","424","ce4956e88cfd4e12ca4aff105bf4ba94f141973f0d311467ddc90009b0cbd01e","5fe49c6f364fbf6c99581adf602c642c8aec7017"
"model/model_infer/fc_0.w_0","640027","f0e7e8aa330775282c3c635880b7fd783988475ddf95d24493f5b3e0dbcbb204","8ef925bbf8f5c0987a2cbb78a7a722469777de33"
"model/model_infer/fc_1.b_0","224","cdf6637efa5ab74ab98f0f148ab57bd99341ea219fa7a785e8f907fe07d8ecd4","7e45cde7fb31ede1a01644f1a305255a74ee67f6"
"model/model_infer/fc_1.w_0","20026","de4316a18f051103bff19f893072637d883ffc140bc3c3b6938da4310329060c","447b26fdc27cdc6ffc40dd0f92c41a7c9ff94b66"
"model/model_infer/fc_2.b_0","64","a72bee1bb67d39bcae7c1eaf0c0245d57bea77a035a5533ce63aba8ad865061f","ea214c94285abe5df637d586da193fbb13752352"
"model/model_infer/fc_2.w_0","2026","c972d18e03f725349d6818b8c5a2d3ee4a0296b284be86582c223443ef6f73ef","7c63e1ffcc1a461b65a85805cdc6af22a0612e99"
"model/model_infer/fc_3.b_0","28","da9a12efc57f484d3a500dbe83fad9f3d295fdfd6449b78c002214a7810f29cd","1463ac0b591a2cbaaae958426b908bc2d65693e9"
"model/model_infer/fc_3.w_0","66","65022e2e9b6f2402732314cf72ca61ee3faa58085ce7f9acdcb59c85c6c86218","a798f09cfb343853d03f44052b3e7f80f7d8dce8"
"model/yolov5_model/best.pt","14739112","7eac44cb5ef92566810c6fa90500512f35dc32d56997f109ed52c2feca44811b","029ae3d37966811bd8110fae5f81c1061a7c7bf2"
